"Status","Role","Name","GB","Path","DuplicateCount"
"OK","primary_generator","juggernautXL_v8Rundiffusion.safetensors","6,617","G:\1\Прежде\1_izobraznie\ComfyUI\models\checkpoints\juggernautXL_v8Rundiffusion.safetensors","1"
"OK","fast_realism","realvisxlV50_v50LightningBakedvae.safetensors","0","G:\1\Прежде\1_izobraznie\AI\ComfyUI\ComfyUI\models\checkpoints\realvisxlV50_v50LightningBakedvae.safetensors","3"
"OK","fast_realism","realvisxlV50_v50LightningBakedvae.safetensors","0","G:\1\Прежде\1_izobraznie\AI\stable-diffusion-webui-forge_old\models\Stable-diffusion\realvisxlV50_v50LightningBakedvae.safetensors","3"
"OK","fast_realism","realvisxlV50_v50LightningBakedvae.safetensors","0","G:\1\Прежде\1_izobraznie\AI\stable-diffusion-webui-OLD\models\Stable-diffusion\realvisxlV50_v50LightningBakedvae.safetensors","3"
"OK","creative_generator","dreamshaperXL_lightningDPMSDE.safetensors","0","G:\1\Прежде\1_izobraznie\AI\stable-diffusion-webui-forge_old\models\Stable-diffusion\dreamshaperXL_lightningDPMSDE.safetensors","1"
"OK","sdxl_baseline","sd_xl_base_1.0.safetensors","0","G:\1\Прежде\1_izobraznie\ComfyUI\models\checkpoints\sd_xl_base_1.0.safetensors","2"
"OK","sdxl_baseline","sd_xl_base_1.0.safetensors","0","G:\1\Прежде\1_izobraznie\MindForge_Studio\resources\models\checkpoints\sd_xl_base_1.0.safetensors","2"
"OK","portrait_specialist","SDXL_MSPaint_Portrait.safetensors","0","G:\1\Прежде\1_izobraznie\AI\ComfyUI\ComfyUI\models\loras\SDXL_MSPaint_Portrait.safetensors","2"
"OK","portrait_specialist","SDXL_MSPaint_Portrait.safetensors","0","G:\1\Прежде\1_izobraznie\AI\stable-diffusion-webui-OLD\models\Lora\SDXL_MSPaint_Portrait.safetensors","2"
"OK","identity_adapter","ip-adapter-plus-face_sdxl_vit-h.bin","0,015","G:\1\Прежде\1_izobraznie\ComfyUI\models\checkpoints\ip-adapter-plus-face_sdxl_vit-h.bin","4"
"OK","identity_adapter","ip-adapter-plus-face_sdxl_vit-h.bin","0","G:\1\Прежде\1_izobraznie\ComfyUI\models\clip_vision\ip-adapter-plus-face_sdxl_vit-h.bin","4"
"OK","identity_adapter","ip-adapter-plus-face_sdxl_vit-h.bin","0","G:\1\Прежде\1_izobraznie\ComfyUI\models\ipadapter\ip-adapter-plus-face_sdxl_vit-h.bin","4"
"OK","identity_adapter","ip-adapter-plus-face_sdxl_vit-h.bin","0","G:\1\Прежде\1_izobraznie\MindForge_Studio\resources\models\ipadapter\ip-adapter-plus-face_sdxl_vit-h.bin","4"
"OK","clip_encoder","CLIP-ViT-H-14-laion2B-s32B-b79K.safetensors","3,674","G:\1\Прежде\1_izobraznie\ComfyUI\models\clip_vision\CLIP-ViT-H-14-laion2B-s32B-b79K.safetensors","3"
"OK","clip_encoder","CLIP-ViT-H-14-laion2B-s32B-b79K.safetensors","0","G:\1\Прежде\1_izobraznie\ComfyUI\models\clip_vision\БУ\CLIP-ViT-H-14-laion2B-s32B-b79K.safetensors","3"
"OK","clip_encoder","CLIP-ViT-H-14-laion2B-s32B-b79K.safetensors","0","G:\1\Прежде\1_izobraznie\MindForge_Studio\resources\models\clip_vision\CLIP-ViT-H-14-laion2B-s32B-b79K.safetensors","3"
"OK","inpainting","stable-diffusion-v1-5-inpainting-Q8_0.gguf","1,752","G:\1\Прежде\1_izobraznie\AI\models\sd15\inpainting\stable-diffusion-v1-5-inpainting-Q8_0.gguf","1"
"OK","lighting","iclight_sd15_fc.safetensors","1,601","G:\1\Прежде\1_izobraznie\AI\stable-diffusion-webui-forge_old\extensions-builtin\forge_space_iclight\huggingface_space_mirror\models\iclight_sd15_fc.safetensors","1"
"OK","pose_control","body_pose_model.pth","0,195","G:\1\Прежде\1_izobraznie\AI\stable-diffusion-webui-forge_old\extensions-builtin\forge_space_idm_vton\huggingface_space_mirror\ckpt\openpose\ckpts\body_pose_model.pth","1"
"OK","segmentation","sam_vit_h_4b8939.pth","2,388","G:\1\Прежде\1_izobraznie\AI\stable-diffusion-webui-forge_old\extensions-builtin\forge_space_geowizard\huggingface_space_mirror\sam_pt\sam_vit_h_4b8939.pth","1"
"OK","segmentation_alt","sam_vit_l_0b3195.pth","1,164","G:\1\Прежде\1_izobraznie\AI\stable-diffusion-webui-forge_old\extensions-builtin\forge_space_geowizard\huggingface_space_mirror\sam_pt\sam_vit_l_0b3195.pth","1"
"OK","lora_headshot","Headshot.safetensors","0,035","G:\1\Прежде\1_izobraznie\AI\ComfyUI\ComfyUI\models\loras\Headshot.safetensors","3"
"OK","lora_headshot","Headshot.safetensors","0,035","G:\1\Прежде\1_izobraznie\AI\models\loras\Headshot.safetensors","3"
"OK","lora_headshot","Headshot.safetensors","0,035","G:\1\Прежде\1_izobraznie\AI\stable-diffusion-webui-OLD\models\Lora\Headshot.safetensors","3"
"OK","lora_cinematic_light","cinematic%20lighting.safetensors","0,008","G:\1\Прежде\1_izobraznie\AI\ComfyUI\ComfyUI\models\loras\cinematic%20lighting.safetensors","3"
"OK","lora_cinematic_light","cinematic%20lighting.safetensors","0,008","G:\1\Прежде\1_izobraznie\AI\models\loras\cinematic%20lighting.safetensors","3"
"OK","lora_cinematic_light","cinematic%20lighting.safetensors","0,008","G:\1\Прежде\1_izobraznie\AI\stable-diffusion-webui-OLD\models\Lora\cinematic%20lighting.safetensors","3"
"OK","lora_skin_detail","flux-detailed_skin_portraits-000005.safetensors","0,018","G:\1\Прежде\1_izobraznie\AI\ComfyUI\ComfyUI\models\loras\flux-detailed_skin_portraits-000005.safetensors","3"
"OK","lora_skin_detail","flux-detailed_skin_portraits-000005.safetensors","0,018","G:\1\Прежде\1_izobraznie\AI\models\loras\flux-detailed_skin_portraits-000005.safetensors","3"
"OK","lora_skin_detail","flux-detailed_skin_portraits-000005.safetensors","0,018","G:\1\Прежде\1_izobraznie\AI\stable-diffusion-webui-OLD\models\Lora\flux-detailed_skin_portraits-000005.safetensors","3"
"OK","lora_epicrealism","epiCRealismXL-KiSSEnhancer_Lora.safetensors","0,213","G:\1\Прежде\1_izobraznie\AI\models\LoRA\epiCRealismXL-KiSSEnhancer_Lora.safetensors","1"
